feature,importance
events_per_month,294.96199943454496
rent_per_sqm,-238.06726271227797
price_income,205.29496877508421
demand_adj,170.99838508805882
promo_comp_adj,143.7242113377375
median_income,108.16963680616216
office_density,107.75112401173824
coffee_price,-59.149824000671146
weekend_activity,48.2317731596355
foot_traffic,46.2381492708826
wknd_traffic,45.476133467927426
competition,37.226035775945455
promo_spend,35.5329422034753
