{
  "r2": 0.6588653007547958,
  "mae": 380.1472430971428
}