{
  "selected_model": "ElasticNet",
  "features": [
    "foot_traffic",
    "rent_per_sqm",
    "competition",
    "median_income",
    "office_density",
    "weekend_activity",
    "events_per_month",
    "coffee_price",
    "promo_spend",
    "demand_adj",
    "wknd_traffic",
    "price_income",
    "promo_comp_adj"
  ],
  "feature_means": {
    "foot_traffic": 4349.054545454545,
    "rent_per_sqm": 30.121760644601217,
    "competition": 5.486363636363636,
    "median_income": 2408.9790753500833,
    "office_density": 206.95,
    "weekend_activity": 0.588925173196393,
    "events_per_month": 5.881818181818182,
    "coffee_price": 3.355102432085056,
    "promo_spend": 1283.8954545454546,
    "demand_adj": 1127.5221877869606,
    "wknd_traffic": 2594.0743436835023,
    "price_income": 8.080450756459815,
    "promo_comp_adj": 347.42207874196504
  },
  "feature_stds": {
    "foot_traffic": 2137.006690917179,
    "rent_per_sqm": 8.263235190791603,
    "competition": 3.4542194822282153,
    "median_income": 516.9807927128336,
    "office_density": 110.13455510089796,
    "weekend_activity": 0.23419667898806543,
    "events_per_month": 3.2213261475299784,
    "coffee_price": 0.5647618836192531,
    "promo_spend": 692.5806766115428,
    "demand_adj": 1349.137888524703,
    "wknd_traffic": 1782.7985203163826,
    "price_income": 2.218002387567319,
    "promo_comp_adj": 451.5247951857505
  },
  "risk_distance_q75": 0.880335424245689,
  "risk_distance_q95": 1.1859714887286508,
  "expected_mae_eur": 413.6702309830563,
  "interval_coverage": 0.8,
  "interval_half_width_eur": 588.8881153493542,
  "cv_mae_mean": 413.6702309830563,
  "cv_mae_std": 46.65496134067747
}