model,cv_mae_mean,cv_mae_std,cv_r2_mean,cv_r2_std,holdout_mae,holdout_r2,best_params
ElasticNet,428.49519565478795,16.174304483011962,0.482839883354887,0.07549681163817197,383.5785433471231,0.6467652784174764,"{'model__alpha': 0.5, 'model__l1_ratio': 0.8}"
Ridge,429.2454855986897,14.854756150266953,0.482218684762351,0.07527389827303371,381.30263333097844,0.6551977840165047,{'model__alpha': 10.0}
LinearRegression,433.31272384243664,7.785310364003202,0.4831604463012912,0.06233525211699506,385.03508523837127,0.6528466378299945,{}
GradientBoosting,511.8136677404007,35.311021660503215,0.25872529584194337,0.08977089682758348,508.778652463542,0.43912240062020824,{}
RandomForest,517.6831830910006,36.74483106886606,0.25141318770683263,0.10994982670021926,511.690998629111,0.4139008425143914,{}
MeanBaseline,609.4299589873356,33.31849704584687,-0.0335851101633375,0.03741301253067299,699.3877220559065,-0.0303247630317105,{}
